WB_country_name,WB_country_code,1960,1961,1962,1963,1964,1965,1966,1967,1968,1969,1970,1971,1972,1973,1974,1975,1976,1977,1978,1979,1980,1981,1982,1983,1984,1985,1986,1987,1988,1989,1990,1991,1992,1993,1994,1995,1996,1997,1998,1999,2000,2001,2002,2003,2004,2005,2006,2007,2008,2009,2010,2011,2012,2013,2014,2015,2016,2017,2018,2019,2020,2021,2022
Afganistán,AFG,62.37,62.44,60.95,82.02,85.51,105.24,143.1,167.17,134.01,134.25,162.64,166.22,141.37,149.74,181.6,194.67,205.67,232.78,255.05,284.76,291.65,311.85,0.0,0.0,0.0,0.0,0.0,0.0,0.0,0.0,0.0,0.0,0.0,0.0,0.0,0.0,0.0,0.0,0.0,0.0,0.0,0.0,182.17,199.64,221.83,254.12,274.02,376.32,382.53,453.39,562.5,608.74,653.42,638.73,626.51,566.88,523.05,526.14,492.09,497.74,512.06,355.78,0.0
Emiratos Árabes Unidos,ARE,0.0,0.0,0.0,0.0,0.0,0.0,0.0,0.0,0.0,0.0,0.0,0.0,0.0,0.0,0.0,27090.34,31282.77,35186.23,29526.64,34372.38,42995.16,44841.23,39921.63,34586.53,31955.18,29432.83,23111.38,23088.2,21545.46,23141.01,26682.85,25668.49,25630.08,25019.37,25463.5,27010.68,28596.51,28709.25,25905.84,27261.91,31855.5,29909.01,30221.97,32607.37,37017.74,42190.55,45339.59,43918.38,45140.77,31722.59,35392.26,42078.61,44386.79,45729.61,46865.96,41525.14,41054.54,43063.97,46722.27,45376.17,37629.17,44332.34,53707.98
Argentina,ARG,0.0,0.0,0.0,0.0,0.0,0.0,0.0,0.0,0.0,0.0,0.0,0.0,0.0,0.0,0.0,0.0,0.0,0.0,0.0,0.0,0.0,0.0,0.0,3727.05,3787.47,2919.28,3454.3,3492.69,4005.2,2382.34,4330.97,5730.72,6815.33,6957.42,7464.47,7383.7,7690.16,8176.77,8250.67,7735.32,7666.52,7168.98,2579.49,3333.15,4258.16,5086.63,5890.98,7210.6,8977.51,8184.39,10385.96,12848.74,13082.66,13080.25,12334.8,13789.06,12790.26,14613.04,11795.16,9963.67,8500.84,10650.86,13650.6
Armenia,ARM,0.0,0.0,0.0,0.0,0.0,0.0,0.0,0.0,0.0,0.0,0.0,0.0,0.0,0.0,0.0,0.0,0.0,0.0,0.0,0.0,0.0,0.0,0.0,0.0,0.0,0.0,0.0,0.0,0.0,0.0,634.57,572.16,356.08,347.47,389.83,441.89,484.09,501.16,584.38,575.63,603.3,676.15,765.32,910.17,1166.64,1608.16,2109.53,3064.28,3908.95,2917.37,3143.03,3462.68,3643.72,3833.16,4017.23,3666.14,3679.95,4042.0,4391.92,4828.5,4505.87,4972.78,7018.05
Australia,AUS,1810.6,1877.6,1854.64,1967.11,2131.38,2281.01,2343.82,2580.11,2724.13,2991.39,3304.84,3495.14,3949.37,4770.62,6482.83,7003.74,7486.59,7775.5,8252.66,9294.36,10208.65,11853.51,12778.93,11515.62,12421.47,11441.19,11391.66,11650.8,14284.52,17834.21,18248.94,18859.41,18623.79,17699.56,18129.4,20448.12,22021.78,23646.62,21479.11,20712.67,21870.42,19695.73,20301.84,23718.13,30836.73,34479.77,36595.71,41051.61,49701.28,42816.57,52147.02,62609.66,68078.04,68198.42,62558.24,56758.87,49918.79,53954.55,57273.52,55049.57,51868.25,60697.25,65099.85
Austria,AUT,935.46,1031.82,1087.83,1167.0,1269.41,1374.53,1486.97,1569.67,1677.67,1825.39,2058.77,2380.98,2924.05,3890.72,4630.76,5285.62,5678.39,6810.63,8205.47,9793.77,10869.55,9385.25,9410.35,9537.41,8991.07,9172.1,13083.07,16392.77,17578.62,17468.95,21680.99,22410.91,24880.16,24081.53,25646.7,30325.85,29809.08,26705.48,27361.88,27183.48,24625.6,24558.76,26527.59,32294.05,36889.23,38417.46,40669.33,46915.34,51919.98,48153.32,46903.76,51442.28,48564.92,50731.13,51786.38,44195.82,45307.59,47429.16,51466.56,50067.59,48789.5,53517.89,52084.68
Azerbaiyán,AZE,0.0,0.0,0.0,0.0,0.0,0.0,0.0,0.0,0.0,0.0,0.0,0.0,0.0,0.0,0.0,0.0,0.0,0.0,0.0,0.0,0.0,0.0,0.0,0.0,0.0,0.0,0.0,0.0,0.0,0.0,1238.27,734.94,60.24,209.53,157.06,314.56,409.19,505.52,561.91,573.89,655.1,703.67,763.11,883.69,1045.01,1578.37,2472.96,3851.33,5574.47,4950.4,5843.53,7189.82,7495.87,7875.35,7890.84,5500.5,3880.69,4147.2,4739.79,4805.75,4229.91,5408.05,7762.07
Burundi,BDI,71.36,72.09,73.94,78.95,85.96,50.99,51.81,54.45,54.65,55.54,69.4,70.59,68.96,85.21,94.33,112.29,117.05,139.41,151.07,189.13,213.25,215.79,220.16,229.12,203.86,232.41,238.36,219.37,205.32,207.29,206.44,208.66,188.58,168.96,165.59,168.63,146.54,164.23,148.09,130.75,138.0,135.61,124.14,114.37,128.54,151.19,166.28,170.71,194.71,204.54,222.66,236.45,238.21,241.55,257.82,289.36,242.54,244.15,232.06,216.97,216.83,221.16,259.03
Bélgica,BEL,1273.69,1350.2,1438.52,1535.02,1701.85,1835.59,1957.63,2086.64,2222.36,2458.08,2765.89,3082.93,3831.63,4900.96,5733.8,6701.38,7243.05,8426.95,10289.77,11810.62,12864.0,10622.8,9343.86,8846.23,8457.27,8750.82,12170.04,15135.85,16391.09,16525.06,20600.38,21041.66,23372.62,22283.94,24208.55,28413.83,27489.56,24820.94,25338.44,25252.8,23098.89,23015.07,25006.19,30655.21,35429.41,36809.7,38705.11,44319.17,48303.4,44760.29,44184.95,47410.57,44670.56,46757.95,47764.07,41008.3,42012.62,44198.48,47544.98,46641.72,45609.0,51850.4,49926.83
Burkina Faso,BFA,69.08,72.17,77.08,78.83,80.83,81.99,82.76,84.56,84.92,86.72,81.69,84.52,99.67,114.22,124.81,153.13,155.75,176.3,224.33,259.04,278.2,249.29,239.62,212.49,188.34,194.57,248.09,280.95,301.95,294.04,339.63,334.76,349.71,325.15,187.82,229.83,243.53,224.61,250.41,293.89,249.8,260.44,286.75,363.82,405.45,442.94,457.34,516.75,621.89,603.88,627.27,727.61,733.97,762.3,767.37,632.13,665.79,711.18,779.2,765.23,823.55,888.78,830.04
Bulgaria,BGR,0.0,0.0,0.0,0.0,0.0,0.0,0.0,0.0,0.0,0.0,0.0,0.0,0.0,0.0,0.0,0.0,0.0,0.0,0.0,0.0,2238.8,2234.81,2169.0,1852.81,1963.57,1914.55,2260.43,3132.3,2511.39,2477.02,2366.53,1267.73,1211.98,1278.53,1148.49,2259.26,1470.19,1361.41,1820.45,1659.72,1621.26,1770.91,2092.98,2719.49,3389.69,3899.83,4523.15,5888.78,7271.3,6988.27,6863.67,7857.17,7430.74,7687.71,7912.27,7078.86,7570.93,8381.88,9447.66,9874.34,10148.34,12219.34,13974.45
Bahrein,BHR,0.0,0.0,0.0,0.0,0.0,0.0,0.0,0.0,0.0,0.0,0.0,0.0,0.0,0.0,0.0,0.0,0.0,0.0,0.0,0.0,8474.19,9187.98,9323.75,9227.68,9316.38,8407.16,6780.14,7270.2,7660.07,7721.74,8174.8,8621.77,8568.66,9063.57,9384.77,9543.39,9643.31,9728.45,9195.43,9566.1,12738.77,12291.83,12820.0,14230.3,15777.96,17705.24,19057.8,20883.55,23155.82,19448.18,21186.81,23741.56,25102.73,25790.73,25464.76,22795.45,22867.18,24349.91,25415.85,25869.11,23433.19,26850.0,30146.93
Bahamas,BHS,1483.0,1581.3,1680.49,1792.42,1921.44,2073.83,2246.85,2466.52,2688.94,3057.32,3005.78,3108.95,3123.46,3466.05,3197.7,2953.22,3115.54,3386.63,3871.34,5194.46,5967.77,6257.79,6797.83,7324.19,8463.46,9436.23,9858.3,10617.41,10819.27,11533.26,11696.51,11269.95,11025.88,10730.0,11085.15,11447.02,11835.39,20415.71,21665.39,23991.7,24849.61,25234.14,26590.14,26204.88,26393.41,28280.87,28829.85,29687.87,29013.63,27120.69,27046.66,26644.93,28059.39,26955.79,28203.36,29724.95,29675.54,30708.99,31483.98,32279.01,23998.27,28260.43,31458.3
Belarús,BLR,0.0,0.0,0.0,0.0,0.0,0.0,0.0,0.0,0.0,0.0,0.0,0.0,0.0,0.0,0.0,0.0,0.0,0.0,0.0,0.0,0.0,0.0,0.0,0.0,0.0,0.0,0.0,0.0,0.0,0.0,0.0,0.0,900.51,1603.34,1462.03,1370.48,1452.51,1396.66,1511.26,1210.59,1276.28,1244.37,1479.38,1819.53,2378.34,3126.07,3848.22,4735.48,6376.18,5352.49,6034.68,6527.66,6953.22,7998.08,8341.29,5967.07,5039.78,5785.53,6360.05,6837.77,6542.86,7489.72,7888.26
Bermudas,BMU,1902.4,1961.54,2020.39,2020.27,2199.73,2282.22,2630.85,2982.75,2830.19,3053.7,3387.27,3866.3,4343.17,5009.29,5853.93,6509.43,7261.28,8370.79,8876.87,9613.38,11218.22,13425.98,14166.17,15902.02,17469.83,18269.54,20450.66,22411.8,24253.18,25517.92,26841.52,27700.31,28669.68,30900.69,31476.06,33989.72,44826.79,48478.88,51371.74,54245.46,56284.17,58883.96,62583.1,66111.73,70359.32,75882.03,95221.86,104287.39,106935.49,101407.76,101875.28,97774.16,98431.87,99471.64,98467.68,102005.63,106885.88,111820.58,113050.74,116153.17,107791.89,111774.67,118774.79
Brasil,BRA,0.0,0.0,0.0,0.0,0.0,0.0,0.0,0.0,0.0,0.0,0.0,0.0,0.0,0.0,0.0,0.0,0.0,0.0,0.0,0.0,0.0,0.0,0.0,0.0,0.0,0.0,0.0,0.0,0.0,2875.58,3065.24,2656.5,2505.38,2766.35,3393.14,4704.96,5121.91,5240.13,5049.76,3456.42,3726.81,3142.24,2824.72,3056.65,3623.22,4773.27,5866.02,7323.19,8801.76,8569.9,11249.29,13200.56,12327.51,12258.57,12071.4,8783.22,8680.74,9896.72,9121.02,8845.32,6923.7,7696.78,8917.67
Barbados,BRB,0.0,0.0,0.0,0.0,0.0,0.0,0.0,0.0,0.0,0.0,0.0,0.0,0.0,0.0,1268.29,1627.66,1755.17,1983.06,2202.64,2656.65,3992.04,4374.85,4552.94,4818.68,5235.13,5465.2,5990.46,6589.38,7005.5,7753.03,7772.81,7789.39,7520.79,7905.68,8220.28,8451.96,8994.32,9491.48,10685.26,11173.95,11560.25,11510.04,11658.63,11998.18,12828.44,14173.75,15595.64,17219.02,17551.86,16309.89,16494.24,16902.49,16704.92,16923.59,16964.75,17023.69,17381.37,17881.56,18271.25,19063.1,16882.5,17507.47,20238.78
Botswana,BWA,59.3,62.74,66.45,69.38,74.01,80.19,89.53,101.33,113.7,131.85,162.51,210.96,262.47,371.43,442.54,487.92,485.4,559.66,695.09,917.59,1130.32,1092.66,992.12,1105.13,1128.87,978.99,1180.91,1610.37,2096.74,2369.13,2825.72,2855.95,2918.62,2845.0,2832.81,3064.59,3063.99,3100.17,2893.33,3242.14,3351.7,3115.68,3029.79,4111.74,4818.21,5240.32,5142.91,5372.34,5345.85,4938.25,6041.73,7080.78,6392.99,6436.6,6844.03,5869.74,6411.55,6705.34,6947.82,6691.16,5875.07,7238.8,7738.88
Canadá,CAN,2259.25,2240.43,2268.59,2374.5,2555.11,2770.36,3047.11,3217.16,3462.68,3763.95,4135.82,4535.39,5106.74,5858.33,7056.71,7536.52,8838.95,8949.11,9154.43,10077.5,11208.2,12379.04,12527.31,13477.1,13930.47,14170.12,14521.18,16377.69,19012.57,20794.68,21525.86,21846.79,20950.33,20186.8,19997.62,20679.63,21296.97,21901.56,21024.59,22315.25,24271.0,23822.06,24255.34,28300.46,32143.68,36382.51,40504.06,44659.9,46710.51,40876.31,47562.08,52223.7,52669.09,52635.17,50956.0,43596.14,42315.6,45129.43,46548.64,46374.15,43562.44,52515.2,55522.45
Suiza,CHE,1787.36,1971.32,2131.39,2294.18,2501.29,2620.48,2784.73,2960.72,3121.89,3344.78,0.0,0.0,0.0,0.0,0.0,0.0,0.0,0.0,0.0,0.0,19393.88,17665.01,17999.97,17859.23,16991.25,17152.09,24459.85,30440.51,32690.43,31308.65,39574.54,39544.49,40713.69,39237.12,43091.78,50113.83,48092.64,41584.44,42680.59,41695.69,38865.02,39638.79,42458.74,49335.75,54659.46,56242.89,59011.03,64989.16,74175.19,71568.31,76531.37,90476.76,85836.21,87304.33,88724.99,83806.45,82153.07,82254.38,85217.37,84121.93,85897.78,93446.43,93259.91
Chile,CHL,504.8,580.89,663.59,645.95,675.83,679.12,781.81,756.73,757.74,865.71,931.13,1089.31,1166.39,1632.39,1547.8,716.34,956.85,1273.09,1435.84,1929.01,2531.57,2965.37,1653.99,1700.16,1619.37,1437.38,1510.02,1750.26,2015.93,2280.27,2483.56,2790.62,3333.96,3520.93,4010.97,5094.39,5376.77,5789.71,5467.19,4980.01,5102.97,4610.59,4477.19,4823.26,6185.3,7560.54,9418.27,10456.83,10797.05,10204.56,12764.59,14637.76,15397.78,15842.16,14675.15,13567.36,13788.24,15034.06,15820.03,14632.69,13173.78,16240.61,15355.48
China,CHN,89.52,75.81,70.91,74.31,85.5,98.49,104.32,96.59,91.47,100.13,113.16,118.65,131.89,157.09,160.15,178.34,165.4,185.42,228.52,272.15,312.02,291.36,281.5,297.81,302.59,294.79,281.7,301.73,370.22,407.89,347.58,359.21,423.3,525.37,473.49,609.6,709.42,781.74,828.59,873.3,959.36,1053.11,1148.51,1288.64,1508.67,1753.41,2099.22,2693.96,3468.33,3832.23,4550.47,5614.39,6300.58,7020.39,7636.07,8016.45,8094.39,8817.05,9905.41,10143.86,10408.72,12617.51,12720.22
Côte d'Ivoire,CIV,147.28,160.65,161.39,183.1,213.14,204.72,219.24,222.98,253.71,259.05,265.74,277.0,309.27,400.87,468.8,568.11,652.7,844.82,1025.93,1143.39,1225.42,978.07,845.66,736.71,711.09,700.28,888.34,946.0,928.64,851.21,906.41,848.28,868.73,829.48,602.33,769.26,1220.12,1176.85,1237.13,1154.48,986.78,974.78,1020.95,1173.06,1267.76,1267.09,1303.56,1451.23,1683.34,1638.8,1654.18,1701.7,1649.3,1903.05,2124.02,1941.58,1999.2,2113.34,2295.54,2290.79,2349.07,2613.38,2486.41
Camerún,CMR,120.02,125.53,130.9,132.35,139.78,143.07,146.0,156.68,170.75,175.07,178.41,186.64,220.02,271.68,299.86,386.22,381.43,435.39,581.89,718.03,783.41,748.77,730.77,743.47,768.98,871.54,1172.49,1250.7,1137.23,993.09,1077.33,1005.3,995.31,1295.92,692.86,822.36,817.18,773.93,789.27,786.85,700.16,706.98,780.27,976.52,1119.98,1129.36,1177.97,1311.0,1476.01,1445.86,1383.81,1497.93,1433.72,1559.14,1631.71,1399.68,1426.07,1479.86,1594.06,1538.69,1539.13,1654.26,1563.49
Colombia,COL,256.96,280.58,296.89,280.99,336.72,315.21,288.58,301.14,299.92,316.31,344.33,365.35,395.99,460.6,540.23,559.68,641.55,796.56,930.41,1092.3,1276.0,1358.49,1421.92,1381.12,1333.37,1189.87,1166.3,1188.55,1254.53,1238.6,1467.55,1491.86,1720.57,1920.4,2314.9,2571.47,2652.1,2860.04,2595.54,2236.07,2546.85,2465.01,2421.16,2305.17,2811.46,3448.54,3782.6,4762.08,5534.69,5245.95,6392.76,7392.94,8096.8,8263.64,8167.47,6228.65,5936.26,6449.97,6782.04,6436.51,5304.29,6182.71,6624.17
Costa Rica,CRI,376.97,351.2,331.15,341.58,349.9,369.98,391.21,409.98,440.6,472.67,530.71,565.29,633.2,762.08,809.7,928.51,1113.04,1380.48,1541.07,1717.78,2001.18,1057.42,1021.89,1199.9,1357.64,1414.13,1551.69,1549.94,1537.46,1705.43,1808.5,2221.47,2578.03,2814.04,3005.54,3240.71,3194.11,3373.41,3580.93,3653.75,3773.03,3941.6,4021.43,4123.51,4376.08,4643.46,5188.36,6055.09,6841.91,6737.86,8147.24,9137.46,9971.65,10633.27,10737.68,11529.96,11899.81,12118.13,12383.15,12669.34,12179.26,12604.05,13365.36
Cuba,CUB,0.0,0.0,0.0,0.0,0.0,0.0,0.0,0.0,0.0,0.0,641.85,766.11,887.22,1074.19,1211.71,1369.25,1436.29,1468.71,1833.99,2003.58,2030.04,2046.01,2114.62,2223.92,2388.29,2258.39,2366.92,2441.58,2633.85,2567.02,2695.61,2269.65,2048.07,2063.22,2613.01,2784.9,2281.98,2306.38,2332.51,2562.27,2752.2,2844.24,3007.19,3205.69,3403.3,3791.87,4336.87,4814.85,4992.82,5094.44,5275.53,6106.01,6467.34,6814.24,7117.54,7683.74,8055.93,8543.33,8831.91,9139.38,9499.57,0.0,0.0
Chipre,CYP,0.0,0.0,0.0,0.0,0.0,0.0,0.0,0.0,0.0,0.0,0.0,0.0,0.0,0.0,0.0,976.33,1157.41,1476.27,1929.4,2559.26,4232.02,4033.24,4122.78,4091.05,4258.74,4488.29,5642.63,6690.58,7645.63,8038.91,9641.58,9696.1,11310.07,10526.14,11617.69,15261.41,15139.23,14234.24,15092.83,15287.92,14388.35,14821.45,16093.21,20252.24,23792.62,24959.26,26729.32,31244.93,35397.36,32109.24,31023.27,32395.75,28910.75,27727.54,27162.32,23408.44,24605.35,26608.7,29335.05,29420.0,28281.43,32745.84,32048.24
República Checa,CZE,0.0,0.0,0.0,0.0,0.0,0.0,0.0,0.0,0.0,0.0,0.0,0.0,0.0,0.0,0.0,0.0,0.0,0.0,0.0,0.0,0.0,0.0,0.0,0.0,0.0,0.0,0.0,0.0,0.0,0.0,3941.5,2896.61,3372.87,3956.18,4630.55,5824.12,6532.84,6034.49,6489.7,6337.42,6029.04,6637.04,8060.87,9818.57,11749.85,13430.67,15261.8,18466.55,22804.58,19861.7,19960.07,21871.27,19870.8,20133.17,19890.92,17829.7,18575.23,20636.2,23424.48,23664.85,22992.88,26822.51,27226.62
Alemania,DEU,0.0,0.0,0.0,0.0,0.0,0.0,0.0,0.0,0.0,0.0,2761.17,3192.13,3809.98,5046.76,5639.08,6236.36,6634.86,7682.95,9482.04,11281.02,12138.31,10209.07,9913.74,9864.34,9313.17,9429.57,13461.83,16677.51,17931.28,17764.38,22303.96,23357.76,26438.23,25522.63,27076.61,31658.35,30485.87,26964.05,27289.06,26734.94,23694.76,23628.33,25197.27,30310.36,34106.66,34520.24,36353.88,41640.08,45612.71,41650.37,41572.46,46705.9,43855.85,46298.92,48023.87,41103.26,42136.12,44652.59,47939.28,46805.14,46749.48,51426.75,48717.99
Djibouti,DJI,0.0,0.0,0.0,0.0,0.0,0.0,0.0,0.0,0.0,0.0,0.0,0.0,0.0,0.0,0.0,0.0,0.0,0.0,0.0,0.0,0.0,0.0,0.0,0.0,0.0,850.97,0.0,825.55,820.58,785.29,783.7,735.73,767.11,762.48,788.62,790.52,766.32,752.75,740.04,745.21,742.87,747.78,749.08,771.37,813.9,852.89,907.82,980.03,1131.64,1164.25,1227.82,1322.73,1418.46,2102.2,2239.11,2409.31,2545.74,2655.73,2755.84,2876.04,2921.74,3062.55,3136.11
Dinamarca,DNK,0.0,0.0,0.0,0.0,0.0,0.0,2487.14,2700.75,2776.14,3151.13,3464.46,3845.51,4654.3,6119.37,6770.75,7999.11,8787.59,9783.85,11826.02,13752.0,13883.89,12081.8,11804.43,11857.89,11562.92,12253.1,17201.09,21340.73,22527.05,21901.05,26891.45,27011.38,29569.66,27597.98,29995.58,35351.37,35650.71,32835.94,33368.14,33440.79,30743.55,30751.65,33228.69,40458.78,46511.6,48799.83,52027.0,58487.05,64322.06,58163.28,58041.4,61753.65,58507.51,61191.19,62548.98,53254.86,54664.0,57610.1,61591.93,59592.98,60836.59,69268.65,67790.05
República Dominicana,DOM,203.88,191.91,234.04,258.76,273.32,229.56,246.77,251.84,255.05,282.68,331.89,362.3,420.63,483.35,587.66,704.83,754.78,854.99,861.51,977.41,1174.69,1284.79,1374.47,1499.96,1845.56,786.03,934.06,870.66,786.38,957.96,992.24,1349.81,1562.52,1726.63,1896.02,2114.09,2276.7,2456.11,2616.75,2631.74,2845.85,2953.25,3085.52,2399.5,2468.44,3903.82,4080.05,4676.08,5053.33,5002.15,5509.57,5859.38,6049.47,6171.3,6533.67,6838.94,7191.07,7513.5,7947.16,8173.34,7167.91,8476.75,10111.25
Argelia,DZA,239.03,209.92,169.93,225.82,238.88,253.31,241.0,261.37,292.03,315.56,352.53,359.82,468.62,588.91,871.73,989.39,1074.41,1223.99,1495.21,1829.9,2259.72,2291.76,2260.35,2359.59,2510.04,2617.73,2783.43,2829.88,2437.38,2235.27,2431.55,1749.29,1794.62,1825.88,1522.83,1466.54,1619.53,1634.47,1610.3,1602.86,1780.38,1754.58,1794.81,2117.05,2624.8,3131.33,3500.13,3971.8,4946.56,3898.48,4495.92,5473.28,5610.73,5519.78,5516.23,4197.42,3967.2,4134.94,4171.79,4021.98,3354.15,3700.31,4342.64
Ecuador,ECU,448.11,369.11,310.44,362.38,432.96,447.23,442.03,451.29,443.24,518.95,463.77,433.67,487.63,579.09,954.87,1088.08,1244.73,1468.87,1545.82,1789.23,2197.87,2611.25,2324.83,1950.06,1874.38,1853.09,1613.7,1433.33,1309.14,1360.49,1458.33,1589.75,1657.86,1701.16,2001.18,2113.26,2142.33,2349.22,2293.66,1582.76,1451.53,1904.81,2184.21,2438.34,2703.57,3014.31,3340.84,3579.03,4260.43,4240.7,4640.25,5202.66,5678.46,6050.35,6374.63,6130.59,6079.09,6246.4,6321.35,6233.26,5645.2,5965.13,6391.28
"Egipto, República Árabe de",EGY,0.0,0.0,0.0,0.0,0.0,160.57,166.96,172.96,178.66,191.92,231.22,242.13,255.97,272.05,243.31,299.99,335.85,354.9,356.25,422.7,495.33,493.01,600.04,653.94,697.9,780.51,802.22,765.61,644.22,712.91,751.19,637.9,697.73,758.83,826.72,937.54,1031.49,1170.8,1239.35,1297.57,1398.86,1327.1,1144.53,1056.94,1016.25,1133.11,1332.34,1586.47,1941.9,2212.22,2509.77,2645.62,3059.14,3088.89,3196.86,3370.38,3331.61,2439.97,2531.2,3017.26,3571.56,3886.72,4295.41
Eritrea,ERI,0.0,0.0,0.0,0.0,0.0,0.0,0.0,0.0,0.0,0.0,0.0,0.0,0.0,0.0,0.0,0.0,0.0,0.0,0.0,0.0,0.0,0.0,0.0,0.0,0.0,0.0,0.0,0.0,0.0,0.0,0.0,0.0,248.34,236.13,260.31,267.94,306.32,299.57,320.97,292.35,295.2,305.6,286.3,327.98,401.37,387.9,420.53,450.41,459.18,602.06,504.97,643.79,0.0,0.0,0.0,0.0,0.0,0.0,0.0,0.0,0.0,0.0,0.0
España,ESP,396.39,450.05,520.21,609.49,675.24,774.76,889.66,968.31,950.55,1077.68,1212.29,1362.17,1708.81,2247.55,2749.92,3209.84,3279.31,3627.59,4356.44,5770.21,6208.58,5371.17,5159.71,4478.5,4489.99,4699.66,6513.5,8239.61,9703.12,10681.97,13804.88,14811.9,16112.19,13339.91,13415.29,15471.96,16109.08,14730.8,15394.35,15720.64,14749.69,15369.0,17106.69,21510.84,24907.0,26429.15,28389.08,32591.35,35510.72,32169.5,30532.48,31677.9,28322.95,29077.18,29513.65,25754.36,26537.16,28185.32,30379.72,29581.52,26984.3,30488.82,29674.54
Estonia,EST,0.0,0.0,0.0,0.0,0.0,0.0,0.0,0.0,0.0,0.0,0.0,0.0,0.0,0.0,0.0,0.0,0.0,0.0,0.0,0.0,0.0,0.0,0.0,0.0,0.0,0.0,0.0,0.0,0.0,0.0,0.0,0.0,0.0,0.0,0.0,3134.39,3380.93,3682.95,4093.39,4140.94,4070.61,4505.86,5341.63,7203.52,8914.1,10412.64,12639.4,16744.58,18204.97,14711.74,14663.04,17487.8,17403.21,19056.0,20261.07,17402.04,18295.34,20437.77,23165.85,23424.48,23595.24,27943.7,28247.1
Etiopía,ETH,0.0,0.0,0.0,0.0,0.0,0.0,0.0,0.0,0.0,0.0,0.0,0.0,0.0,0.0,0.0,0.0,0.0,0.0,0.0,0.0,0.0,204.5,207.12,224.08,206.52,235.34,237.57,245.67,245.08,248.43,254.3,269.61,201.74,164.17,124.56,133.34,144.03,140.27,123.83,118.33,122.96,119.26,110.46,117.86,134.54,160.08,191.75,240.35,320.86,373.89,335.44,348.0,458.55,490.79,557.53,630.31,705.62,755.75,758.3,840.45,918.65,925.0,1027.59
Finlandia,FIN,1179.35,1327.43,1411.7,1522.32,1707.5,1882.09,2010.21,2034.19,1907.08,2178.04,2465.64,2716.19,3177.65,4173.17,5297.61,6255.54,6739.69,7069.11,7628.82,9332.25,11223.94,10926.82,10938.12,10497.48,10833.87,11398.11,14951.05,18571.06,22047.79,23973.24,28364.65,25484.74,22319.06,17608.81,20301.33,26271.6,25783.45,24691.87,26009.27,26186.19,24345.91,24967.79,26997.75,32927.68,37772.18,39054.85,41222.6,48476.39,53772.79,47481.48,46505.3,51148.93,47708.06,49892.22,50327.24,42801.91,43814.03,46412.14,49987.63,48629.86,49169.72,53504.69,50871.93
Fiji,FJI,279.53,282.22,287.37,293.29,307.62,313.61,312.22,328.78,329.96,352.42,416.73,460.5,577.93,764.39,986.39,1188.39,1184.0,1200.59,1351.46,1621.49,1865.73,1870.38,1763.84,1619.23,1657.85,1568.7,1737.36,1560.65,1452.19,1530.55,1713.18,1763.29,1947.5,2073.12,2308.71,2486.98,2672.44,2597.93,2031.03,2351.72,2015.86,1964.13,2157.08,2680.27,3124.61,3406.48,3483.6,3793.1,3928.92,3184.69,3469.15,4160.72,4359.79,4586.96,5305.06,5105.19,5368.43,5825.2,6073.39,5927.72,4815.69,4656.05,5356.16
Francia,FRA,1333.88,1430.43,1585.74,1758.86,1929.0,2060.3,2209.0,2363.67,2553.98,2767.62,2870.16,3180.34,3865.93,4984.2,5345.92,6717.44,6899.07,7566.66,9299.77,11213.02,12738.52,11116.86,10501.61,9998.98,9430.07,9778.09,13566.66,16340.73,17727.51,17747.58,21865.56,21675.71,23814.23,22380.33,23496.37,26889.43,26870.29,24226.88,24971.57,24678.39,22416.43,22449.34,24288.27,29627.92,33797.16,34768.18,36470.21,41557.62,45515.96,41737.76,40676.06,43846.47,40870.85,42602.72,43068.55,36652.92,37062.53,38781.05,41557.85,40494.9,39179.74,43671.31,40886.25
Gabón,GAB,275.59,322.8,347.68,290.05,399.53,413.63,442.38,481.09,513.36,544.15,542.21,626.03,691.81,1137.72,2379.66,3252.62,4434.34,4042.63,3355.37,4149.96,5713.21,5023.08,4582.16,4181.09,4273.31,3899.57,3866.28,3626.23,4121.07,4376.76,6055.06,5349.45,5390.54,4109.9,3832.09,4419.79,4948.75,4514.99,3705.82,3758.16,3991.16,3844.56,3976.65,4724.25,5483.14,6570.96,6873.45,8036.92,9732.23,7325.91,8399.6,10273.8,9348.51,9250.08,9255.37,7090.45,6722.2,6975.7,7694.91,7523.86,6680.08,8635.8,8820.35
Reino Unido,GBR,1397.59,1472.39,1525.78,1613.46,1748.29,1873.57,1986.75,2058.78,1951.76,2100.67,2347.54,2649.8,3030.43,3426.28,3665.86,4299.75,4138.17,4681.44,5976.94,7804.76,10032.06,9599.31,9146.08,8691.52,8179.19,8652.22,10611.11,13118.59,15987.17,16239.28,19095.47,19900.73,20487.17,18389.02,19709.24,23168.95,24406.4,26766.01,28274.5,28762.09,28280.93,27906.57,30077.74,34442.69,40366.89,42104.79,44512.46,50397.69,47396.12,38744.13,39598.96,42109.64,42497.34,43426.3,47439.62,44964.39,40985.24,40572.12,43203.81,42662.54,40217.01,46869.76,46125.26
Georgia,GEO,0.0,0.0,0.0,0.0,0.0,0.0,0.0,0.0,0.0,0.0,0.0,0.0,0.0,0.0,0.0,0.0,0.0,0.0,0.0,0.0,0.0,0.0,0.0,0.0,0.0,0.0,0.0,0.0,0.0,0.0,1561.85,1323.44,765.36,550.04,519.86,578.34,689.06,807.03,851.52,673.54,749.91,801.98,853.53,1010.03,1305.05,1642.78,1996.02,2635.37,3324.75,2822.69,3233.22,4021.76,4421.93,4623.88,4739.28,4014.11,4062.13,4356.93,4722.04,4696.15,4255.74,5023.27,6674.96
Ghana,GHA,177.09,184.25,190.92,207.73,227.85,263.78,266.6,212.86,197.98,227.32,249.91,266.46,225.98,313.17,291.81,275.23,263.13,294.62,328.08,349.11,374.64,345.73,320.7,312.48,330.69,329.95,410.52,354.62,354.27,348.9,381.25,416.78,395.04,358.63,319.61,370.69,388.53,377.24,399.8,402.47,253.38,263.17,297.05,357.85,405.42,477.6,904.17,1047.2,1178.96,1044.0,1258.96,1501.06,1536.62,2282.41,1942.92,1711.27,1900.4,1998.72,2180.03,2167.93,2176.58,2422.09,2203.56
Grecia,GRC,520.32,590.78,617.06,695.23,783.71,899.28,997.43,1068.11,1154.44,1324.06,1494.39,1652.33,1899.68,2502.81,2828.75,3153.24,3390.54,3886.37,4694.63,5705.95,5893.66,5380.27,5579.23,5019.88,4852.57,4813.71,5656.51,6564.88,7598.03,7846.68,9600.19,10188.37,11176.46,10401.98,11091.28,12959.32,13749.12,13427.83,13472.14,13249.66,12072.93,12549.04,14177.57,18518.38,21995.48,22560.15,24821.94,28863.97,32127.98,29828.76,26716.65,25483.88,21913.0,21787.79,21616.71,18083.88,17923.97,18582.09,19756.99,19143.89,17617.29,20310.68,20867.27
Granada,GRD,0.0,0.0,0.0,0.0,0.0,0.0,0.0,0.0,0.0,0.0,0.0,0.0,0.0,0.0,0.0,0.0,0.0,742.19,921.84,1073.52,1169.37,1214.55,1299.39,1342.51,1460.91,1667.68,1859.29,2137.29,2366.49,2694.18,2807.75,3014.87,3069.68,3032.23,3151.1,3288.22,3499.53,3715.72,4198.72,4512.22,4840.68,4821.78,4992.44,5435.15,5470.6,6308.67,6295.28,6790.63,7343.45,6810.44,6760.97,6775.75,6900.77,7205.25,7726.38,8379.62,8849.51,9309.26,9574.31,9887.92,8437.54,9010.51,9689.08
Guatemala,GTM,252.76,253.23,261.18,280.1,279.93,278.83,283.19,287.97,310.66,322.44,349.02,355.09,367.12,438.54,527.42,594.65,696.22,854.64,925.13,1027.08,1143.44,1217.26,1200.25,1212.72,1234.7,1233.08,892.29,850.22,915.4,955.11,845.31,1011.76,1093.96,1164.38,1293.47,1424.68,1487.61,1649.0,1755.85,1619.51,1664.31,1550.36,1682.99,1737.88,1859.1,2068.49,2251.08,2490.75,2802.45,2651.83,2852.56,3228.04,3355.03,3522.77,3779.63,3994.63,4173.28,4454.02,4485.75,4647.81,4609.9,5029.48,5473.21
Guyana,GUY,297.59,315.75,322.32,283.16,306.27,327.95,344.83,370.6,334.97,358.23,379.72,395.08,395.27,420.69,588.25,663.62,603.06,590.88,659.74,684.9,775.15,731.52,618.23,628.66,563.95,586.91,656.66,464.3,545.59,504.42,530.82,468.4,501.44,607.75,721.6,826.97,936.08,991.96,948.24,916.55,938.89,937.3,955.03,976.99,1036.02,1085.78,3138.08,3609.91,4011.39,4213.82,4589.87,4960.0,5461.39,5576.25,5495.38,5668.43,5905.38,6220.98,6094.91,6477.3,6863.07,9994.65,18199.47
"Hong Kong, Región Administrativa Especial",HKG,424.06,436.75,487.82,565.73,629.59,676.81,685.93,723.24,714.48,825.52,960.03,1106.47,1384.73,1893.18,2144.61,2252.13,2850.01,3429.42,3923.97,4569.48,5700.43,5991.28,6133.77,5595.26,6208.23,6542.97,7435.0,9071.39,10609.75,12097.75,13485.63,15465.92,17976.47,20395.56,22502.53,23497.39,24818.3,27330.09,25808.86,25091.67,25756.77,25230.38,24665.84,23977.17,24928.1,26649.64,28224.1,30593.95,31515.53,30697.54,32550.14,35142.49,36730.8,38403.78,40315.37,42432.16,43734.2,46160.43,48537.57,48359.0,46109.23,49764.79,48983.62
Croacia,HRV,0.0,0.0,0.0,0.0,0.0,0.0,0.0,0.0,0.0,0.0,0.0,0.0,0.0,0.0,0.0,0.0,0.0,0.0,0.0,0.0,0.0,0.0,0.0,0.0,0.0,0.0,0.0,0.0,0.0,0.0,0.0,0.0,0.0,0.0,0.0,4930.34,5298.89,5330.33,5711.49,5267.51,4952.38,5364.01,6219.47,8192.32,9723.38,10446.36,11505.4,13762.46,15898.8,14421.17,13693.5,14655.87,13439.66,13979.19,14001.16,12098.51,12579.92,13592.25,15040.04,15120.9,14269.91,17809.03,18570.4
Hungría,HUN,0.0,0.0,0.0,0.0,0.0,0.0,0.0,0.0,0.0,0.0,0.0,0.0,0.0,0.0,0.0,0.0,0.0,0.0,0.0,0.0,0.0,0.0,0.0,0.0,0.0,0.0,0.0,0.0,0.0,0.0,0.0,3350.26,3735.11,3873.99,4173.37,4494.71,4525.04,4596.18,4744.21,4793.48,4624.28,5276.03,6655.33,8419.43,10301.7,11223.4,11489.56,13940.91,15772.33,13077.31,13217.5,14234.47,12984.84,13715.07,14294.26,12717.04,13104.7,14621.24,16425.21,16786.21,16125.61,18753.05,18390.18
Indonesia,IDN,0.0,0.0,0.0,0.0,0.0,0.0,0.0,53.34,64.84,74.34,79.41,78.87,90.51,130.49,201.67,232.17,277.05,332.28,364.29,355.24,489.16,563.78,580.81,510.43,522.72,514.44,472.72,440.37,479.81,527.81,582.68,629.16,678.98,824.08,907.47,1020.15,1129.09,1054.35,459.19,663.52,770.87,739.0,888.9,1052.41,1136.76,1249.4,1572.8,1840.33,2144.39,2239.1,3094.44,3613.8,3668.21,3602.89,3476.62,3322.58,3558.82,3839.79,3902.66,4151.23,3895.62,4334.22,4788.0
India,IND,83.04,85.97,90.28,101.32,115.49,119.08,89.76,96.05,99.52,107.18,111.97,118.16,122.61,143.46,163.23,157.93,161.14,186.42,206.07,224.58,267.39,271.43,275.27,292.64,278.1,298.0,312.06,342.07,355.74,347.46,368.75,303.85,317.56,301.5,346.23,373.63,399.58,414.9,412.51,440.96,442.03,449.91,468.84,543.84,624.11,710.51,802.01,1022.73,993.5,1096.64,1350.63,1449.6,1434.02,1438.06,1559.86,1590.17,1714.28,1957.97,1974.38,2050.16,1913.22,2238.13,2410.89
Irlanda,IRL,685.61,739.28,797.01,852.14,965.14,1023.77,1074.51,1152.0,1124.52,1291.35,1486.51,1703.93,2080.47,2424.27,2516.93,2973.4,2919.58,3427.07,4399.99,5429.96,6372.44,5986.15,6160.64,5915.24,5692.03,6011.74,8112.17,9581.91,10715.87,11175.82,14031.3,14087.21,15714.38,14657.06,15902.93,19158.46,20835.9,22551.11,24294.85,26338.11,26334.57,28282.41,32705.43,41203.53,47754.2,50933.02,54329.16,61396.42,61353.11,52133.09,48663.6,52219.71,48943.82,51496.96,55752.76,62179.26,62784.07,70150.74,79446.94,80848.3,85973.09,102001.8,103983.29
"Irán, República Islámica del",IRN,196.32,201.37,207.63,211.9,224.64,251.24,267.33,289.11,320.86,352.45,385.81,469.08,569.66,874.11,1448.76,1575.81,2011.03,2311.02,2166.89,2429.56,2449.65,2482.92,2963.5,3551.49,3556.49,3812.11,4274.81,2651.48,2361.42,2246.19,2237.05,0.0,0.0,1066.74,1197.64,1585.98,1954.66,1823.27,1737.7,1765.78,1672.02,1902.95,1910.48,2259.52,2751.79,3226.61,3736.18,4838.0,5623.91,5602.56,6458.57,8201.58,8329.0,6280.68,5757.54,4990.94,5497.24,5758.59,3850.75,3276.75,2746.42,4084.2,4669.57
Iraq,IRQ,237.68,252.25,261.22,255.72,292.62,0.0,0.0,0.0,316.36,317.38,334.44,380.64,391.52,472.25,1024.34,1158.46,1479.65,1599.82,1853.57,2857.56,3850.26,2688.73,2929.45,2731.72,3052.5,3073.86,2926.92,3420.54,3690.07,3774.21,10216.57,22.85,30.11,53.48,197.12,615.5,482.16,929.88,894.33,1548.3,1963.72,1422.83,1254.16,809.85,1314.76,1740.67,2253.55,3099.59,4504.51,3686.4,4430.43,5736.9,6437.5,6612.9,6215.99,4416.94,4305.2,4725.19,5601.47,5621.18,4251.34,4770.84,5937.2
Islandia,ISL,1414.98,1418.13,1562.23,1831.71,2297.92,2723.52,3215.69,3125.65,2354.48,2039.2,2576.35,3252.1,4014.84,5437.34,7040.55,6454.18,7583.28,9957.25,11236.74,12640.64,14821.82,15137.25,13711.74,11671.81,11959.54,12361.19,16406.05,22453.19,24451.97,22434.35,25384.92,26802.99,27124.27,23579.8,24018.63,26633.59,27614.88,27919.19,31030.05,32381.63,32096.37,28897.44,32409.22,39476.7,47334.93,56794.85,57492.93,69495.73,56943.37,41301.27,43237.07,47714.59,45995.55,49804.98,54576.74,52951.68,61987.93,72010.15,74452.19,68452.24,58848.42,68710.24,73466.78
Israel,ISR,1229.17,1436.38,1094.64,1257.81,1375.89,1429.31,1513.88,1468.12,1647.88,1852.39,0.0,0.0,0.0,0.0,0.0,0.0,0.0,0.0,0.0,0.0,0.0,0.0,0.0,0.0,0.0,0.0,0.0,0.0,0.0,0.0,0.0,0.0,0.0,0.0,0.0,18916.67,20116.98,20366.58,20106.63,19742.52,21630.75,20909.43,19035.1,19627.18,20557.08,21223.94,22494.64,25633.64,30173.36,28317.04,31266.61,34354.72,33156.23,36941.84,38259.68,36206.52,37690.47,41114.78,42406.85,44452.23,44846.79,52129.52,54930.94
Italia,ITA,804.49,887.34,990.26,1126.02,1222.54,1304.45,1402.44,1533.69,1651.94,1813.39,2106.86,2305.61,2671.14,3205.25,3621.15,4106.99,4033.1,4603.6,5610.5,6990.29,8456.92,7622.83,7556.52,7832.58,7739.72,7990.69,11315.02,14234.73,15744.66,16386.66,20825.78,21956.53,23243.47,18738.76,19337.63,20664.55,23081.6,21829.35,22318.14,22005.05,20137.59,20500.95,22376.3,27526.32,31317.2,32055.09,33529.73,37870.75,40944.91,37226.76,36035.64,38649.64,35051.52,35560.08,35565.72,30242.39,30960.73,32406.72,34622.17,33673.75,31922.92,36449.26,34776.42
Jamaica,JAM,425.65,449.61,461.9,485.19,520.5,556.48,620.06,641.14,598.08,649.31,755.6,816.41,979.04,979.75,1202.67,1428.01,1461.47,1581.43,1271.11,1150.99,1254.66,1374.94,1497.31,1620.97,1048.35,916.32,1189.42,1406.96,1625.76,1855.99,1919.8,1702.5,1452.19,2212.26,2194.91,2621.18,2919.15,3287.75,3410.43,3423.01,3447.3,3502.21,3683.89,3557.2,3819.28,4200.39,4435.57,4738.45,5056.26,4452.12,4835.79,5259.93,5365.24,5143.72,4991.56,5077.55,5022.7,5273.15,5594.49,5626.17,4897.26,5183.58,6047.22
Jordania,JOR,0.0,0.0,0.0,0.0,0.0,548.49,561.06,499.08,410.58,476.59,410.64,414.44,462.51,533.99,655.23,722.49,878.35,1045.56,1257.65,1530.05,1763.74,1900.56,1945.37,1956.7,1888.7,1814.87,2223.09,2241.09,1988.31,1274.97,1195.23,1184.95,1373.41,1375.55,1457.7,1509.04,1503.14,1530.7,1633.28,1646.19,1673.36,1738.38,1816.41,1889.44,2062.7,2216.95,2478.29,2643.17,3416.12,3618.89,3914.7,4152.49,4386.46,4477.62,4255.89,4064.25,4003.4,4073.12,4146.41,4159.65,3998.67,4152.76,4311.0
Japón,JPN,475.32,568.91,639.64,724.69,843.62,928.52,1068.56,1239.32,1451.34,1684.66,2100.75,2321.39,3031.44,4061.01,4448.32,4775.9,5310.43,6472.79,9012.14,9301.15,9668.75,10583.13,9779.97,10652.01,11207.45,11809.46,17451.83,21141.72,25499.88,25265.95,25801.4,29428.43,31992.79,36345.24,39933.52,44197.62,39150.04,35638.23,32423.76,36610.17,39169.36,34406.18,32820.79,35387.04,38298.98,37812.9,35991.55,35779.02,39876.3,41309.0,44968.16,48760.08,49145.28,40898.65,38475.4,34960.64,39375.47,38834.05,39751.13,40415.96,40040.77,40058.54,34017.27
Kazajstán,KAZ,0.0,0.0,0.0,0.0,0.0,0.0,0.0,0.0,0.0,0.0,0.0,0.0,0.0,0.0,0.0,0.0,0.0,0.0,0.0,0.0,0.0,0.0,0.0,0.0,0.0,0.0,0.0,0.0,0.0,0.0,1647.42,1514.92,1515.74,1429.08,1316.18,1288.19,1350.31,1445.5,1468.67,1130.12,1229.0,1490.93,1658.03,2068.12,2874.29,3771.28,5291.57,6771.42,8458.02,7165.22,9070.49,11634.0,12386.7,13890.63,12807.26,10510.77,7714.84,9247.58,9812.63,9812.6,9121.64,10373.79,11492.03
Kenya,KEN,102.08,98.54,103.8,106.54,110.39,105.97,118.8,120.83,127.5,132.1,139.76,149.46,171.01,196.62,224.93,238.75,246.38,308.31,351.53,399.11,448.83,408.35,369.39,330.9,330.15,315.39,359.07,381.71,386.36,369.98,370.1,340.81,332.95,226.52,273.52,336.57,436.2,462.4,483.71,430.37,411.82,408.36,401.09,441.39,462.62,522.78,699.4,840.19,916.0,1049.12,1093.64,1099.32,1289.78,1376.83,1489.92,1496.65,1562.08,1675.99,1845.78,1970.08,1936.25,2069.66,2099.3
Kirguistán,KGZ,0.0,0.0,0.0,0.0,0.0,0.0,0.0,0.0,0.0,0.0,0.0,0.0,0.0,0.0,0.0,0.0,0.0,0.0,0.0,0.0,0.0,0.0,0.0,0.0,0.0,0.0,0.0,0.0,0.0,0.0,609.17,575.64,513.04,449.07,372.31,364.23,394.86,376.43,345.14,258.05,279.62,308.41,321.73,380.51,433.23,476.55,543.11,721.77,966.39,871.22,880.04,1123.88,1177.98,1282.44,1279.77,1121.08,1120.67,1242.77,1308.14,1451.52,1256.93,1365.51,1655.07
"Corea, República de",KOR,158.27,93.83,106.16,146.3,123.61,108.72,133.48,161.16,198.43,243.43,279.31,301.18,324.19,406.9,563.35,617.46,834.13,1055.88,1405.82,1783.62,1715.42,1883.46,1992.52,2198.94,2413.28,2482.4,2834.89,3554.61,4748.64,5817.07,6610.0,7636.95,8126.66,8884.92,10385.39,12564.72,13402.99,12398.49,8281.72,10672.45,12257.02,11561.21,13165.08,14672.81,16496.13,19402.5,21743.48,24086.41,21350.43,19143.85,23079.26,25097.6,25459.17,27179.52,29252.93,28737.44,29280.44,31600.74,33447.16,31902.42,31721.3,35142.26,32422.57
Kuwait,KWT,0.0,0.0,0.0,0.0,0.0,4081.42,4228.75,3930.19,3909.46,3726.83,3579.58,4518.74,4870.44,5573.06,12622.88,10969.74,11235.76,11335.09,11664.93,17524.36,19170.92,15929.82,13053.95,12022.32,11962.65,11353.23,9097.13,10919.68,9717.63,11001.68,11002.07,8219.48,12253.58,14477.95,15141.3,16424.98,18488.84,17230.06,14258.36,16044.49,19493.89,17517.71,18626.77,22781.08,27601.4,36144.99,42970.7,45729.8,55595.48,37906.21,39212.58,49010.31,51271.07,47762.8,43239.84,29315.2,27026.69,29258.27,32012.19,30666.24,24297.71,32324.84,41079.52
Líbano,LBN,0.0,0.0,0.0,0.0,0.0,0.0,0.0,0.0,0.0,0.0,0.0,0.0,0.0,0.0,0.0,0.0,0.0,0.0,0.0,0.0,0.0,0.0,0.0,0.0,0.0,0.0,0.0,0.0,958.46,770.95,789.85,1279.18,1560.2,2079.65,2468.82,2959.56,3393.5,3834.86,4127.32,4091.99,3994.86,4021.18,4307.1,4458.11,4625.3,4630.01,4665.96,5162.03,5957.7,7149.79,7695.25,7914.11,8500.18,8255.21,7665.38,7802.75,8172.3,8679.9,9225.85,8925.42,5599.96,4136.15,0.0
Sri Lanka,LKA,144.1,144.1,139.69,117.96,121.56,153.9,155.0,160.7,152.05,162.18,185.37,187.23,197.76,218.35,266.4,277.49,258.18,289.89,189.61,229.19,269.32,290.54,308.88,330.04,380.75,371.51,392.52,403.83,416.03,411.24,466.9,516.77,550.54,579.99,650.55,716.8,758.51,818.03,850.99,838.56,869.75,832.43,865.3,978.17,1060.14,1240.52,1423.19,1611.18,2007.03,2053.77,2836.97,3248.04,3351.89,3643.83,3885.62,3990.35,4107.83,4388.2,4360.58,4082.69,3852.39,3996.57,3354.38
Lituania,LTU,0.0,0.0,0.0,0.0,0.0,0.0,0.0,0.0,0.0,0.0,0.0,0.0,0.0,0.0,0.0,0.0,0.0,0.0,0.0,0.0,0.0,0.0,0.0,0.0,0.0,0.0,0.0,0.0,0.0,0.0,0.0,0.0,0.0,0.0,0.0,2167.79,2327.43,2830.28,3166.67,3113.18,3293.23,3525.79,4141.59,5499.43,6700.33,7854.77,9230.71,12285.45,14945.0,11820.78,11987.51,14376.95,14367.71,15729.65,16551.02,14263.96,15008.31,16885.41,19186.36,19615.55,20381.86,23849.62,25064.81
Letonia,LVA,0.0,0.0,0.0,0.0,0.0,0.0,0.0,0.0,0.0,0.0,0.0,0.0,0.0,0.0,0.0,0.0,0.0,0.0,0.0,0.0,0.0,0.0,0.0,0.0,0.0,0.0,0.0,0.0,0.0,0.0,0.0,0.0,0.0,0.0,0.0,2329.58,2431.71,2683.24,2973.53,3151.58,3361.64,3578.0,4136.93,5145.2,6378.67,7594.9,9723.45,14113.53,16467.14,12331.93,11420.99,13338.96,13847.34,15007.49,15742.39,13786.46,14331.75,15695.12,17865.03,17883.35,18096.2,20930.4,21779.5
Marruecos,MAR,172.6,167.17,191.22,208.09,213.76,219.48,208.52,214.98,224.75,244.29,257.73,276.51,314.0,376.78,452.06,516.6,537.81,604.34,705.19,825.64,1097.66,874.79,847.33,758.47,675.02,666.72,846.91,928.5,1076.09,1081.97,1219.42,1282.58,1317.33,1217.43,1348.54,1455.95,1585.72,1416.9,1658.47,1627.14,1492.38,1500.36,1590.49,1936.09,2177.8,2237.58,2433.21,2751.42,3180.17,3118.14,3067.85,3302.45,3164.0,3377.64,3430.53,3139.23,3132.95,3288.5,3492.67,3498.58,3258.27,3767.52,3441.99
República de Moldova,MDA,0.0,0.0,0.0,0.0,0.0,0.0,0.0,0.0,0.0,0.0,0.0,0.0,0.0,0.0,0.0,0.0,0.0,0.0,0.0,0.0,0.0,0.0,0.0,0.0,0.0,0.0,0.0,0.0,0.0,0.0,0.0,0.0,0.0,0.0,0.0,593.59,575.15,657.29,578.73,399.5,440.54,507.4,570.8,682.32,897.18,1034.39,1183.02,1531.22,2110.55,1898.44,2436.8,2941.36,3044.81,3321.04,3289.17,2749.91,2847.64,3454.95,4156.96,4404.95,4376.24,5274.74,5714.43
México,MEX,359.55,378.21,392.93,424.19,485.8,511.02,550.47,581.73,622.43,666.74,706.31,755.33,844.17,1000.94,1264.36,1499.36,1470.18,1315.59,1600.78,2039.2,3036.36,3810.25,2612.67,2166.57,2506.89,2607.66,1765.26,1902.46,2302.02,2759.48,3196.92,3756.85,4272.79,6118.53,6268.72,4225.4,4718.57,5617.43,5882.42,6552.66,7581.85,8009.16,8032.99,7473.93,7883.52,8702.11,9545.29,10178.44,10589.95,8495.65,9823.16,10766.61,10842.73,11317.49,11490.02,10098.17,9152.74,9693.33,10130.32,10434.58,8894.89,10359.15,11496.52
Macedonia del Norte,MKD,0.0,0.0,0.0,0.0,0.0,0.0,0.0,0.0,0.0,0.0,0.0,0.0,0.0,0.0,0.0,0.0,0.0,0.0,0.0,0.0,0.0,0.0,0.0,0.0,0.0,0.0,0.0,0.0,0.0,0.0,2299.04,2424.91,1207.54,1343.32,1795.55,2372.54,2327.73,1959.56,1875.82,1915.39,1861.9,1823.02,1989.14,2440.48,2795.9,3072.68,3362.97,4079.39,4841.25,4584.71,4577.69,5098.09,4728.31,5241.05,5495.73,4861.56,5149.59,5450.5,6108.74,6070.39,5965.45,6778.56,6591.47
Montenegro,MNE,0.0,0.0,0.0,0.0,0.0,0.0,0.0,0.0,0.0,0.0,0.0,0.0,0.0,0.0,0.0,0.0,0.0,0.0,0.0,0.0,0.0,0.0,0.0,0.0,0.0,0.0,0.0,0.0,0.0,0.0,0.0,0.0,0.0,0.0,0.0,0.0,0.0,0.0,0.0,0.0,1627.07,1909.6,2106.64,2789.16,3380.17,3674.62,4425.68,5976.39,7367.75,6727.11,6688.4,7328.79,6586.4,7188.86,7387.87,6517.19,7033.44,7803.36,8850.37,8909.65,7677.37,9465.96,10093.44
Mongolia,MNG,0.0,0.0,0.0,0.0,0.0,0.0,0.0,0.0,0.0,0.0,0.0,0.0,0.0,0.0,0.0,0.0,0.0,0.0,0.0,0.0,0.0,1328.24,1432.49,1492.92,1121.33,1138.96,1470.21,1494.24,1545.23,1686.59,1184.76,1081.33,589.14,338.46,402.27,623.16,570.94,495.82,467.51,435.42,463.85,512.82,559.83,633.95,784.91,986.02,1322.64,1625.32,2134.95,1718.91,2660.29,3793.74,4402.3,4422.3,4211.94,3919.35,3690.76,3708.25,4165.02,4394.95,4041.17,4566.14,5045.5
Mozambique,MOZ,0.0,0.0,0.0,0.0,0.0,0.0,0.0,0.0,0.0,0.0,0.0,0.0,0.0,0.0,0.0,0.0,0.0,0.0,0.0,0.0,0.0,0.0,0.0,0.0,0.0,0.0,0.0,0.0,0.0,0.0,0.0,284.26,202.56,202.95,198.36,196.32,250.64,294.99,328.02,362.51,333.78,310.1,318.31,343.13,403.02,438.79,458.62,508.04,591.44,546.6,494.58,615.28,681.49,681.07,690.44,603.84,435.76,464.29,510.38,512.22,456.58,504.04,558.3
Mauricio,MUS,0.0,0.0,0.0,0.0,0.0,0.0,0.0,0.0,0.0,0.0,0.0,0.0,0.0,0.0,0.0,0.0,776.64,893.91,1087.7,1275.03,1171.58,1165.15,1086.53,1088.44,1027.99,1054.48,1422.56,1815.35,2046.04,2075.54,2506.18,2669.33,2973.21,2973.79,3197.34,3599.55,3899.44,3646.64,3593.24,3695.93,3929.08,3856.63,4018.95,4793.72,5388.06,5282.9,5695.98,6574.66,8030.05,7318.13,8000.38,9197.04,9291.24,9764.64,10366.36,9507.87,9965.73,10841.68,11643.46,11403.25,9011.04,9068.98,10256.23
Malasia,MYS,244.61,235.53,240.44,292.58,302.68,325.19,336.56,332.8,339.1,364.21,374.92,402.21,466.91,692.68,837.76,800.38,927.81,1075.34,1304.07,1647.63,1852.96,1843.35,1925.47,2123.26,2311.17,2065.09,1782.54,2007.17,2134.52,2282.47,2513.24,2727.53,3193.64,3511.53,3802.11,4405.12,4874.82,4706.31,3308.84,3538.36,4087.56,3941.12,4177.1,4454.53,4924.34,5536.84,6137.15,7144.0,8343.3,7167.88,8880.15,10209.37,10601.51,10727.67,11045.58,9699.6,9555.67,9979.7,11073.98,11132.1,10164.34,11134.62,11993.19
Namibia,NAM,0.0,0.0,0.0,0.0,0.0,0.0,0.0,0.0,0.0,0.0,0.0,0.0,0.0,0.0,0.0,0.0,0.0,0.0,0.0,0.0,2481.56,2278.63,2107.08,2223.83,1837.35,1470.98,1603.78,1973.58,2065.56,1968.17,2037.91,2117.01,2346.28,2153.34,2352.66,2478.25,2417.58,2453.87,2231.11,2175.45,2156.09,1916.26,1773.43,2571.98,3407.85,3692.75,4027.96,4394.52,4222.33,4322.63,5445.42,5873.06,6017.18,5463.03,5544.1,4965.67,4614.89,5453.57,5687.38,5126.18,4252.04,4919.19,5031.12
Níger,NER,128.53,134.85,143.28,153.37,148.04,166.12,168.32,154.99,145.14,137.77,139.18,144.58,150.78,187.06,197.46,196.4,193.95,228.79,305.38,352.3,406.36,341.0,307.35,266.47,209.53,200.43,257.02,292.41,289.67,268.55,419.6,380.54,380.15,332.06,204.15,234.62,237.01,218.25,243.52,225.95,192.88,203.53,223.35,263.09,281.33,316.37,331.1,384.72,472.18,458.42,471.61,507.6,525.05,548.16,560.75,481.11,497.04,514.54,568.6,549.82,564.84,590.63,585.4
Nigeria,NGA,93.4,97.42,104.85,108.02,113.66,117.67,124.79,99.86,97.74,122.04,225.77,161.54,211.0,254.39,406.27,441.98,561.55,541.16,532.22,667.98,880.06,2187.89,1844.85,1223.6,903.45,882.28,638.73,598.29,549.5,474.46,567.52,609.37,519.64,551.89,762.4,1302.55,1673.91,1765.08,1871.76,494.13,563.05,583.09,733.54,786.8,992.75,1250.41,1652.15,1876.41,2227.79,1883.89,2280.11,2504.88,2728.02,2976.76,3200.95,2679.55,2144.78,1941.88,2125.83,2334.02,2074.61,2065.77,2162.63
Países Bajos,NLD,1068.78,1159.39,1240.68,1328.04,1541.95,1708.1,1835.8,1991.36,2185.25,2642.96,2927.07,3378.61,4104.45,5345.58,6440.98,7335.51,7925.69,9166.81,11179.39,12798.54,13791.86,11520.45,11072.66,10680.36,9977.16,9926.13,13783.85,16709.56,17744.5,17397.69,21290.86,21732.23,23904.04,23122.41,24646.31,29258.13,29006.81,26700.54,27885.81,28272.64,26214.5,26896.55,29343.24,35750.97,40436.62,41994.71,44900.94,51799.21,57879.94,52722.21,50999.75,54230.31,50070.14,52198.9,52900.54,45193.4,46039.11,48675.22,53044.53,52476.27,52162.57,58727.87,57025.01
Noruega,NOR,1441.76,1560.32,1667.25,1775.58,1937.88,2164.47,2317.19,2514.04,2662.12,2875.24,3306.22,3736.35,4413.58,5689.59,6811.53,8204.45,8927.2,10266.12,11462.59,13046.54,15772.24,15512.51,15224.89,14927.52,14989.49,15753.55,18883.23,22505.86,24207.28,24281.13,28242.98,28596.93,30523.99,27963.7,29315.81,34875.7,37321.97,36629.03,34803.46,36393.29,38178.24,38601.9,43170.56,50250.33,57768.7,67047.17,74434.5,85502.27,97503.54,80347.57,88163.21,101221.81,102175.92,103553.84,97666.7,74809.97,70867.36,76131.84,82792.84,76430.59,68340.02,93072.89,108729.19
Nueva Zelandia,NZL,2312.95,2343.29,2448.63,2622.22,2813.55,2151.29,2191.31,2188.4,1885.16,2077.9,0.0,2772.92,3294.65,4323.2,4610.57,4171.77,4373.84,4950.59,5936.99,6668.14,7467.17,7813.89,7656.48,7598.31,6713.76,7600.57,9427.55,12330.92,13759.16,13312.39,13663.02,12230.07,11793.14,13094.35,15280.31,17400.42,18794.44,17474.19,14738.45,15322.22,13641.1,13882.86,16874.19,21913.71,25420.23,27751.07,26654.59,32479.98,31252.96,28209.36,33676.77,38387.63,39973.38,42976.65,44572.9,38630.73,40058.2,42910.97,43236.89,42796.43,41760.59,49996.42,48418.59
Pakistán,PAK,81.59,87.52,89.49,93.88,102.96,114.37,123.33,136.64,143.29,150.55,169.12,175.2,150.62,99.3,134.53,164.85,187.5,208.78,238.16,254.35,293.39,333.46,349.84,315.02,331.39,320.68,317.03,319.92,356.34,359.73,346.67,382.75,399.47,412.68,404.61,455.51,461.4,441.75,427.51,420.68,644.46,610.14,599.79,673.38,774.79,832.75,909.03,1012.18,1087.51,985.35,1011.6,1161.04,1236.89,1259.67,1303.19,1421.84,1468.82,1567.64,1620.74,1437.17,1322.31,1506.11,1588.88
Panamá,PAN,476.62,516.03,545.12,586.07,610.43,650.48,687.79,743.58,776.95,828.59,891.05,977.45,1044.16,1162.28,1294.34,1403.73,1454.78,1501.94,1737.55,1937.72,2357.75,2607.18,2814.18,2822.85,2879.24,2977.39,3025.35,2972.13,2514.15,2467.54,2626.14,2827.56,3148.45,3368.2,3518.95,3524.88,3561.29,3775.57,4012.05,4121.56,4099.01,4084.26,4163.52,4304.11,4629.03,4953.13,5385.56,6205.82,7197.11,7618.44,8124.56,9403.44,10767.29,11932.29,12837.25,13669.56,14382.23,15185.97,16156.07,16472.83,13293.33,15491.29,17357.63
Perú,PER,0.0,0.0,0.0,0.0,0.0,0.0,0.0,0.0,0.0,0.0,0.0,0.0,0.0,0.0,0.0,0.0,0.0,0.0,0.0,0.0,0.0,0.0,827.41,750.23,1054.64,761.87,1077.64,1767.35,730.21,1040.48,1194.55,1520.68,1560.55,1481.34,1871.39,2180.57,2218.32,2292.4,2149.7,1911.74,1941.32,1925.98,2003.97,2126.14,2393.67,2702.24,3123.32,3572.36,4184.89,4164.97,5047.2,5826.83,6475.72,6697.19,6614.83,6180.12,6163.86,6676.31,6912.1,6955.88,6063.63,6635.46,7125.83
Filipinas,PHL,263.84,278.48,164.14,177.33,186.54,198.67,213.29,223.15,242.87,262.41,201.92,217.98,230.07,282.44,377.11,398.05,445.8,499.1,561.38,662.05,761.02,815.22,828.57,723.08,667.67,637.84,605.73,658.21,734.43,806.85,820.49,821.45,936.15,938.76,1081.43,1222.29,1334.11,1294.11,1000.01,1123.16,1073.26,991.15,1037.17,1049.39,1122.86,1245.29,1452.22,1741.6,1990.36,1893.28,2201.78,2431.2,2671.78,2847.57,2935.93,2974.3,3038.15,3077.43,3194.67,3413.85,3224.42,3460.54,3498.51
Polonia,POL,0.0,0.0,0.0,0.0,0.0,0.0,0.0,0.0,0.0,0.0,0.0,0.0,0.0,0.0,0.0,0.0,0.0,0.0,0.0,0.0,0.0,0.0,0.0,0.0,0.0,0.0,0.0,0.0,0.0,0.0,1731.21,2235.54,2459.02,2497.13,2874.83,3686.85,4147.47,4123.15,4518.11,4398.07,4501.48,4991.24,5207.13,5701.64,6681.31,8021.55,9035.53,11254.31,13995.78,11525.9,12504.25,13776.39,13010.76,13558.34,14181.95,12560.05,12378.81,13815.5,15504.51,15700.01,15816.82,18050.28,18688.0
Puerto Rico,PRI,717.51,777.22,854.74,931.75,1006.43,1110.83,1207.81,1335.27,1480.69,1661.87,1852.35,2044.32,2246.48,2432.41,2614.5,2738.24,2946.46,3208.77,3567.75,4024.51,4502.84,4920.72,5115.01,5217.72,5730.12,6008.05,6455.18,6980.49,7595.44,8033.09,8652.51,9064.02,9659.34,10212.28,10876.42,11579.18,12173.16,12817.64,14304.4,15220.99,16192.13,18123.2,18731.46,19557.12,20988.99,21959.32,22935.94,23664.88,24898.33,25768.73,26435.75,27278.88,27944.73,28513.17,28981.46,29763.49,30627.16,31108.75,31615.07,32916.87,31427.43,32601.57,35208.64
"Corea, República Popular Democrática de",PRK,0.0,0.0,0.0,0.0,0.0,0.0,0.0,0.0,0.0,0.0,0.0,0.0,0.0,0.0,0.0,0.0,0.0,0.0,0.0,0.0,0.0,0.0,0.0,0.0,0.0,0.0,0.0,0.0,0.0,0.0,0.0,0.0,0.0,0.0,0.0,0.0,0.0,0.0,0.0,0.0,0.0,0.0,0.0,0.0,0.0,0.0,0.0,0.0,0.0,0.0,0.0,0.0,0.0,0.0,0.0,0.0,0.0,0.0,0.0,0.0,0.0,0.0,0.0
Portugal,PRT,360.5,382.73,407.85,432.51,468.78,520.91,575.01,646.82,719.08,795.76,934.08,1064.54,1302.27,1747.99,2000.42,2127.64,2173.28,2267.37,2457.31,2755.62,3368.37,3245.98,3079.95,2735.49,2522.75,2705.19,3861.95,4803.87,5623.7,6056.38,7884.62,8958.99,10810.57,9534.66,9977.32,11781.36,12185.09,11575.51,12199.21,12475.29,11526.37,11734.76,12936.69,15797.78,18064.16,18780.13,19839.45,22811.06,24949.04,23151.22,22520.64,23217.3,20563.71,21653.2,22103.7,19250.11,19991.97,21490.43,23562.55,23330.82,22242.41,24661.17,24515.27
Paraguay,PRY,0.0,0.0,0.0,0.0,0.0,206.98,212.16,219.08,224.88,236.21,246.85,269.74,304.99,385.39,503.56,556.76,610.56,733.47,875.35,1139.15,1444.69,1778.05,1666.65,1696.91,1309.66,928.43,1024.19,1062.05,1106.97,1204.1,1431.84,1675.71,1673.45,1652.8,1750.94,1968.35,2077.48,2068.21,1880.89,1758.26,1728.34,1630.19,1361.25,1436.76,1776.93,1960.51,2426.42,3194.26,4360.43,3920.19,4725.73,5776.28,5617.1,6410.81,6629.42,5861.4,5759.04,6136.06,6242.96,5807.84,5353.35,5959.44,6153.06
Qatar,QAT,0.0,0.0,0.0,0.0,0.0,0.0,0.0,0.0,0.0,0.0,2557.4,2912.96,3439.86,4848.63,13393.29,12883.18,15566.02,15923.99,16632.19,21634.62,28218.29,29371.47,24301.05,19571.81,19252.17,16818.35,13216.46,13705.47,14650.74,15197.88,16664.83,15079.36,16223.78,14724.26,14728.78,15797.69,17116.83,20519.41,17651.55,20207.23,27494.77,25836.27,27151.03,31440.22,40792.28,52468.45,59978.86,64706.99,79811.6,60733.98,73021.31,92993.0,98041.36,97630.83,93126.15,66984.91,58467.24,59407.7,66264.08,62827.4,52315.66,66858.74,87661.45
Rumania,ROU,0.0,0.0,0.0,0.0,0.0,0.0,0.0,0.0,0.0,0.0,0.0,0.0,0.0,0.0,0.0,0.0,0.0,0.0,0.0,0.0,0.0,0.0,0.0,0.0,0.0,0.0,0.0,1658.76,1753.19,1789.64,1648.49,1254.31,1102.1,1158.06,1323.03,1650.05,1633.01,1577.34,1852.55,1599.91,1659.93,1825.19,2119.86,2679.41,3494.99,4618.0,5757.53,8360.34,10435.22,8548.05,8397.81,9560.16,8930.73,9497.21,10031.34,8976.95,9404.38,10727.97,12494.42,12958.0,13047.46,14946.62,15786.8
Federación de Rusia,RUS,0.0,0.0,0.0,0.0,0.0,0.0,0.0,0.0,0.0,0.0,0.0,0.0,0.0,0.0,0.0,0.0,0.0,0.0,0.0,0.0,0.0,0.0,0.0,0.0,0.0,0.0,0.0,0.0,3778.02,3429.65,3494.06,3490.45,3098.8,2930.67,2662.1,2665.78,2643.93,2737.57,1834.86,1330.76,1771.59,2100.35,2377.53,2975.12,4102.36,5323.46,6920.2,9101.24,11635.28,8562.82,10674.99,14311.06,15420.86,15974.62,14095.65,9313.02,8704.89,10720.33,11287.35,11536.26,10194.44,12532.05,15270.71
Arabia Saudita,SAU,0.0,0.0,0.0,0.0,0.0,0.0,0.0,0.0,747.21,767.48,880.63,1123.21,1437.21,2108.63,6068.41,5922.49,7693.39,8473.7,8714.63,11553.24,16176.2,17258.65,13680.76,10997.05,9717.42,8060.2,6449.59,6082.13,5998.22,6210.05,7349.7,7939.3,7932.71,7450.66,7359.45,7588.76,8174.14,8323.83,7169.37,7697.27,8795.26,8337.32,8380.96,9321.8,10935.02,13462.76,14848.6,15756.19,18944.86,15064.63,17958.95,22441.57,24069.2,23945.51,23862.8,20442.37,19930.41,20910.48,24175.58,23405.71,20398.06,24315.62,30447.88
Sudán,SDN,100.32,106.15,112.31,111.26,111.17,112.61,112.53,118.76,120.77,129.56,143.47,151.98,160.06,192.29,238.91,280.32,336.6,404.1,421.64,419.7,429.02,495.49,387.77,354.19,439.55,333.36,408.47,481.34,568.79,842.0,1301.82,1678.09,263.0,326.73,459.44,483.7,307.82,388.81,366.12,339.28,378.16,471.37,529.45,607.01,737.12,945.69,1179.9,1500.67,1585.58,1382.62,1706.41,1982.82,1797.4,1834.56,2076.0,2226.41,2614.29,3188.77,769.87,748.01,608.33,749.71,1102.15
Senegal,SEN,306.64,314.51,313.4,314.99,324.44,320.9,321.2,311.79,317.99,293.63,297.04,297.77,349.82,390.48,427.44,560.7,553.88,553.48,603.76,734.1,790.71,699.91,668.06,578.33,549.55,585.66,803.48,938.86,902.27,869.46,980.75,935.64,974.33,898.91,598.15,732.84,741.76,667.45,702.43,695.55,619.64,654.84,688.19,840.36,941.87,1003.19,1038.58,1210.17,1419.53,1323.97,1286.6,1383.54,1334.73,1391.53,1417.09,1238.13,1290.75,1385.2,1484.23,1462.68,1492.48,1633.56,1598.73
Singapur,SGP,428.06,449.15,472.08,511.2,485.53,516.53,566.8,626.03,708.6,812.68,925.8,1071.41,1264.38,1685.46,2341.71,2489.91,2758.94,2846.34,3193.91,3900.53,4928.14,5596.59,6077.63,6633.24,7228.32,7001.77,6799.93,7539.03,8914.44,10394.54,11861.76,14502.38,16136.24,18290.13,21552.41,24914.85,26232.87,26375.87,21829.27,21796.64,23852.84,21699.74,22159.84,23730.38,27608.08,29961.32,33768.45,39432.89,40008.57,38926.81,47236.68,53891.46,55547.56,56967.43,57564.8,55645.61,56895.66,61164.9,66836.52,66070.49,61273.99,77710.09,82807.63
San Marino,SMR,0.0,0.0,0.0,0.0,0.0,0.0,0.0,0.0,0.0,0.0,0.0,0.0,0.0,0.0,0.0,0.0,0.0,0.0,0.0,0.0,0.0,0.0,0.0,0.0,0.0,0.0,0.0,0.0,0.0,0.0,0.0,0.0,0.0,0.0,0.0,0.0,0.0,0.0,0.0,42004.95,37473.79,39415.16,41770.15,51198.43,59249.65,60520.79,63692.62,71970.06,77962.14,66200.67,59516.32,55815.29,48433.57,50435.37,50133.61,42281.81,43398.43,44885.52,48464.52,47287.4,45321.49,54982.45,0.0
Serbia,SRB,0.0,0.0,0.0,0.0,0.0,0.0,0.0,0.0,0.0,0.0,0.0,0.0,0.0,0.0,0.0,0.0,0.0,0.0,0.0,0.0,0.0,0.0,0.0,0.0,0.0,0.0,0.0,0.0,0.0,0.0,0.0,0.0,0.0,0.0,0.0,2207.45,2864.08,3380.04,2571.17,2571.3,914.79,1727.28,2283.85,3005.43,3502.8,3720.48,4382.62,5848.48,7101.04,6169.11,5735.42,6809.16,6015.95,6755.07,6600.06,5588.98,5765.2,6292.55,7252.4,7417.21,7733.8,9232.96,9537.68
Suriname,SUR,371.28,387.45,402.89,420.77,433.15,480.11,573.1,642.28,678.96,706.3,723.58,767.81,784.72,856.48,1038.86,1187.09,1298.71,1662.74,1925.97,2073.61,2119.37,2365.25,2425.2,2328.62,2258.13,2254.82,2270.8,2469.34,2887.06,1328.73,940.99,1077.21,964.43,1015.13,1419.52,1591.73,1940.75,2045.59,2405.74,1883.89,1978.45,1711.71,2206.27,2529.26,2906.73,3474.12,5031.16,5562.33,6616.82,7176.86,7999.51,8009.25,8922.96,9124.54,9199.18,8907.84,5705.4,6112.88,6730.84,6690.04,4796.53,5026.88,5858.82
República Eslovaca,SVK,0.0,0.0,0.0,0.0,0.0,0.0,0.0,0.0,0.0,0.0,0.0,0.0,0.0,0.0,0.0,0.0,0.0,0.0,0.0,0.0,0.0,0.0,0.0,0.0,0.0,0.0,0.0,0.0,0.0,0.0,2405.54,2691.2,2920.92,3102.3,3771.36,4819.13,5196.94,5146.67,5538.62,5645.58,5426.62,5722.17,6564.7,8731.94,10691.45,11690.11,13170.78,16106.06,18753.58,16597.21,16908.85,18509.74,17498.35,18276.01,18719.99,16390.88,16563.44,17585.2,19486.39,19381.89,19552.09,21768.15,21256.81
Eslovenia,SVN,0.0,0.0,0.0,0.0,0.0,0.0,0.0,0.0,0.0,0.0,0.0,0.0,0.0,0.0,0.0,0.0,0.0,0.0,0.0,0.0,0.0,0.0,0.0,0.0,0.0,0.0,0.0,0.0,0.0,0.0,0.0,0.0,0.0,0.0,0.0,10730.45,10815.11,10454.97,11175.77,11452.78,10201.3,10479.76,11777.16,14849.04,17233.14,18098.91,19672.97,23817.89,27595.6,24792.13,23532.48,25128.02,22641.81,23503.28,24247.17,20890.17,21678.36,23514.03,26123.75,26042.45,25558.43,29331.06,28439.33
Suecia,SWE,2114.0,2288.92,2468.69,2657.02,2941.05,3206.1,3454.43,3720.93,3926.41,4234.16,4736.22,5132.71,6027.13,7301.22,8089.91,10117.31,10868.28,11448.62,12620.52,14877.16,17097.83,15586.43,13738.97,12608.23,13099.02,13666.86,17981.02,21792.56,24534.69,25662.22,30593.67,31822.8,32800.98,24425.28,26083.61,30282.96,32998.97,30312.49,30596.53,30941.08,29624.91,27247.86,29899.2,37321.8,42821.67,43437.06,46593.6,53700.01,56152.55,46946.96,52869.04,60755.76,58037.82,61126.94,60020.36,51545.48,51965.16,53791.51,54589.06,51939.43,52837.9,61417.68,56424.28
República Árabe Siria,SYR,186.02,198.93,226.88,237.94,257.45,247.71,238.4,252.25,264.23,293.98,281.7,320.81,356.9,368.3,585.88,742.52,827.16,857.15,992.99,1154.51,1467.86,1820.85,1842.71,1898.52,1885.02,2011.57,2334.21,2884.3,1421.74,1546.4,1926.38,2171.46,2516.44,2722.91,3238.39,3553.75,4184.29,4397.54,4542.95,4588.98,4941.85,5187.21,5276.06,5433.64,6241.06,7221.64,7914.77,8695.84,10155.97,10288.15,11304.64,2971.28,1910.6,993.74,1071.23,857.5,664.34,862.32,1111.87,1124.52,537.09,420.62,0.0
Togo,TGO,73.35,75.29,77.47,82.49,93.7,102.89,114.82,118.39,118.68,126.26,115.58,126.38,144.02,170.01,228.72,245.97,241.03,295.53,306.03,322.96,400.41,328.91,271.77,244.91,222.18,228.49,308.46,352.36,377.41,359.48,420.14,401.56,412.29,302.45,240.1,305.96,329.62,326.39,335.71,323.89,297.9,288.11,323.14,390.3,406.09,399.45,400.32,621.73,735.86,737.95,722.23,803.48,781.55,847.39,877.19,770.14,792.44,813.4,873.55,848.3,886.7,976.67,942.65
Tailandia,THA,103.8,110.73,117.16,121.6,129.58,141.85,165.58,171.7,179.87,192.46,197.99,200.36,216.15,278.82,343.43,363.81,405.55,461.66,548.01,611.52,707.37,745.73,767.08,822.73,842.07,768.87,836.15,962.96,1154.58,1330.0,1545.28,1751.07,1957.41,2230.84,2502.71,2848.62,3039.89,2462.41,1841.04,2028.57,2004.11,1889.97,2091.18,2350.85,2647.26,2876.25,3343.79,3934.69,4327.8,4154.19,4996.37,5396.64,5748.63,6041.13,5822.38,5708.79,5854.46,6436.79,7124.56,7628.58,7001.79,7060.9,6909.96
Tayikistán,TJK,0.0,0.0,0.0,0.0,0.0,0.0,0.0,0.0,0.0,0.0,0.0,0.0,0.0,0.0,0.0,0.0,0.0,0.0,0.0,0.0,0.0,0.0,0.0,0.0,0.0,0.0,0.0,0.0,0.0,0.0,485.32,456.52,337.55,287.99,262.24,208.17,172.92,150.65,214.43,175.56,137.18,168.64,186.66,233.09,305.27,333.71,401.03,517.43,704.65,666.72,740.28,837.88,959.36,1038.32,1094.43,970.36,801.39,844.37,850.67,889.02,852.33,916.69,1054.19
Turkmenistán,TKM,0.0,0.0,0.0,0.0,0.0,0.0,0.0,0.0,0.0,0.0,0.0,0.0,0.0,0.0,0.0,0.0,0.0,0.0,0.0,0.0,0.0,0.0,0.0,0.0,0.0,0.0,0.0,728.76,765.93,773.2,806.39,771.89,815.0,788.99,619.63,587.29,553.06,561.53,587.99,544.44,635.71,762.61,949.58,1256.03,1418.81,1658.67,2074.41,2520.29,3778.67,3901.67,4286.88,5453.16,6441.89,7049.8,7685.51,6208.3,6163.25,6354.53,6721.35,7344.88,7330.37,7885.3,8792.55
Tonga,TON,0.0,0.0,0.0,0.0,0.0,0.0,0.0,0.0,0.0,0.0,0.0,0.0,0.0,0.0,0.0,347.75,316.44,356.19,431.97,462.84,550.73,642.69,640.33,627.59,662.2,618.81,702.49,838.54,1089.02,1080.97,1150.28,1335.23,1380.88,1391.97,1965.2,2089.2,2216.68,2135.86,1889.67,1953.37,1996.52,1754.84,1760.67,1937.04,2195.99,2478.43,2751.96,2799.37,3221.08,2915.49,3416.11,3852.14,4378.57,4208.19,4125.43,4117.93,3978.44,4367.26,4649.61,4878.98,4605.97,4425.97,0.0
Trinidad y Tobago,TTO,632.39,676.23,702.56,755.56,779.39,793.32,767.81,797.32,784.23,796.21,831.08,896.64,1069.45,1274.93,1962.94,2317.48,2341.88,2901.62,3248.62,4137.71,5528.95,6118.94,7034.95,6628.47,6547.46,6147.7,3941.6,3896.06,3612.99,3441.35,4001.52,4159.07,4231.46,3608.64,3801.47,4074.88,4385.1,4352.81,4569.65,5130.87,6120.94,6592.78,6692.8,8352.46,9756.5,11673.78,13340.92,15627.29,20011.15,13682.76,15711.56,17910.32,19110.05,19927.4,20473.4,18508.77,16139.11,16258.75,16328.13,15642.41,13705.9,16056.3,19629.47
Túnez,TUN,0.0,0.0,0.0,0.0,0.0,222.34,228.83,232.92,253.85,262.43,285.14,325.19,420.58,499.81,631.71,750.37,760.23,838.59,954.21,1120.43,1329.27,1249.76,1176.23,1177.59,1134.0,1124.95,1174.88,1231.44,1251.27,1223.52,1456.22,1516.29,1760.48,1627.28,1709.83,1940.03,2076.99,2170.57,2253.03,2344.0,2170.51,2207.66,2292.48,2693.2,3029.85,3106.58,3279.1,3678.06,4200.17,4029.46,4241.01,4361.95,4233.92,4308.34,4398.64,3960.92,3796.11,3569.72,3577.18,3477.84,3497.72,3807.18,3747.42
Turquía,TUR,275.04,282.74,307.31,347.18,365.13,381.41,438.26,473.69,516.47,560.64,502.62,444.63,555.29,683.7,911.25,1160.54,1270.34,1417.96,1558.5,2075.05,1561.01,1582.42,1400.86,1314.23,1245.93,1367.2,1506.71,1701.26,1738.38,2009.69,2773.27,2730.14,2825.92,3148.84,2240.61,2855.04,3009.67,3098.67,4433.36,4057.82,4278.26,3100.46,3640.76,4704.77,6031.79,7369.43,8003.81,9711.22,10843.5,9013.0,10622.7,11300.79,11713.28,12578.19,12165.22,11050.0,10970.05,10695.55,9568.84,9215.44,8638.74,9743.21,10674.5
Tanzanía,TZA,0.0,0.0,0.0,0.0,0.0,0.0,0.0,0.0,0.0,0.0,0.0,0.0,0.0,0.0,0.0,0.0,0.0,0.0,0.0,0.0,0.0,0.0,0.0,0.0,0.0,0.0,0.0,0.0,211.12,178.11,167.14,189.59,171.61,153.85,156.79,176.93,214.64,248.75,387.02,390.42,399.46,394.35,400.21,419.56,447.59,480.18,472.61,539.54,671.24,688.71,730.78,768.93,854.54,954.66,1013.43,929.8,942.89,975.9,1011.6,1050.93,1104.16,1146.03,1192.77
Uganda,UGA,55.53,56.33,55.65,62.1,68.78,100.18,101.64,102.97,106.99,116.78,122.08,133.49,136.97,152.68,183.66,201.14,203.18,237.4,190.54,164.39,93.69,98.6,156.88,157.45,247.34,234.04,253.33,392.48,394.74,309.86,244.75,182.79,151.98,165.47,198.28,278.32,284.46,286.57,292.17,257.68,257.83,235.85,241.87,250.69,292.47,330.6,346.77,401.71,473.3,799.93,824.74,837.1,796.71,819.76,897.51,864.18,753.68,766.18,793.13,823.02,846.88,883.47,964.4
Ucrania,UKR,0.0,0.0,0.0,0.0,0.0,0.0,0.0,0.0,0.0,0.0,0.0,0.0,0.0,0.0,0.0,0.0,0.0,0.0,0.0,0.0,0.0,0.0,0.0,0.0,0.0,0.0,0.0,1265.37,1452.65,1559.34,1532.5,1474.34,1417.17,1258.13,1012.1,935.96,872.71,991.24,835.24,635.76,658.34,807.8,911.91,1087.79,1416.6,1894.46,2391.32,3197.93,4066.53,2639.38,3078.41,3704.84,4004.79,4187.74,3104.65,2124.66,2187.73,2638.33,3096.56,3661.46,3751.74,4827.85,4533.98
Uruguay,URY,477.79,624.72,680.3,592.21,742.95,706.27,666.99,584.64,578.22,722.59,765.91,1000.63,775.84,1397.69,1433.79,1231.92,1268.63,1414.2,1678.33,2442.08,3440.53,3725.0,3081.05,1704.57,1612.32,1564.71,1933.48,2408.63,2668.67,2724.1,2983.24,3574.11,4083.46,4729.93,5478.02,6014.92,6358.16,7386.51,7780.68,7314.49,6932.48,6331.16,4115.15,3638.94,4130.1,5233.46,5942.13,7149.37,9328.07,9780.74,12512.59,14975.56,16087.25,18140.89,18131.58,16950.75,16837.94,18995.4,19026.05,18098.36,15650.5,17924.0,20795.04
Estados Unidos,USA,3007.12,3066.56,3243.84,3374.52,3573.94,3827.53,4146.32,4336.43,4695.92,5032.14,5234.3,5609.38,6094.02,6726.36,7225.69,7801.46,8592.25,9452.58,10564.95,11674.18,12574.79,13976.11,14433.79,15543.89,17121.23,18236.83,19071.23,20038.94,21417.01,22857.15,23888.6,24342.26,25418.99,26387.29,27694.85,28690.88,29967.71,31459.14,32853.68,34515.39,36329.96,37133.62,37997.76,39490.27,41724.63,44123.41,46302.0,48050.22,48570.05,47194.94,48650.64,50065.97,51784.42,53291.13,55123.85,56762.73,57866.74,59907.75,62823.31,65120.39,63528.63,70219.47,76329.58
Uzbekistán,UZB,0.0,0.0,0.0,0.0,0.0,0.0,0.0,0.0,0.0,0.0,0.0,0.0,0.0,0.0,0.0,0.0,0.0,0.0,0.0,0.0,0.0,0.0,0.0,0.0,0.0,0.0,0.0,0.0,0.0,0.0,651.42,652.81,603.35,596.98,576.45,585.93,600.6,623.0,623.22,702.48,558.23,456.71,383.34,396.38,465.12,546.78,654.28,830.41,1082.29,1213.27,1742.35,2051.13,2267.62,2419.72,2628.46,2753.97,2704.68,1916.76,1604.26,1795.2,1759.31,1993.42,2255.15
Venezuela,VEN,939.56,954.36,1006.88,1060.57,874.2,869.91,877.2,894.68,940.2,934.05,1018.11,1109.43,1158.86,1371.09,2039.74,2084.38,2316.03,2592.91,2735.43,3266.79,3886.57,4241.31,4214.67,4091.94,3531.35,3560.76,3388.2,2620.43,3203.4,2258.68,2461.04,2642.78,2918.61,2835.69,2699.46,3500.63,3125.24,3725.99,3886.04,4087.83,4795.63,4940.11,3667.2,3243.37,4287.63,5456.32,6769.87,8369.24,11310.78,11641.8,13692.91,10877.11,12937.93,12433.98,15975.73,0.0,0.0,0.0,0.0,0.0,0.0,0.0,0.0
Islas Vírgenes (EE.UU.),VIR,0.0,0.0,0.0,0.0,0.0,0.0,0.0,0.0,0.0,0.0,0.0,0.0,0.0,0.0,0.0,0.0,0.0,0.0,0.0,0.0,0.0,0.0,0.0,0.0,0.0,0.0,0.0,0.0,0.0,0.0,0.0,0.0,0.0,0.0,0.0,0.0,0.0,0.0,0.0,0.0,0.0,0.0,30062.02,31731.26,35006.36,40828.75,41377.15,44158.51,39152.38,38753.18,39905.13,38997.14,37795.32,34597.98,33045.36,34007.35,35324.97,35365.07,36663.21,38633.53,39411.05,41976.01,0.0
Viet Nam,VNM,0.0,0.0,0.0,0.0,0.0,0.0,0.0,0.0,0.0,0.0,0.0,0.0,0.0,0.0,0.0,0.0,0.0,0.0,0.0,0.0,0.0,0.0,0.0,0.0,0.0,235.65,430.19,585.3,397.01,96.13,96.72,140.63,141.38,185.19,224.64,281.13,329.0,352.93,352.78,367.16,394.58,409.5,434.81,485.45,551.9,693.19,790.59,913.31,1158.1,1225.85,1684.01,1953.56,2190.23,2367.5,2558.78,2595.23,2760.72,2992.07,3267.23,3491.09,3586.35,3756.49,4163.51
Samoa,WSM,0.0,0.0,0.0,0.0,0.0,0.0,0.0,0.0,0.0,0.0,0.0,0.0,0.0,0.0,0.0,0.0,0.0,0.0,0.0,0.0,0.0,0.0,726.38,670.06,654.76,573.95,606.79,669.86,794.35,731.98,747.78,744.5,779.17,776.85,1277.23,1285.67,1414.2,1598.92,1493.94,1401.72,1406.77,1435.35,1509.89,1778.84,2168.03,2527.76,2639.81,3011.1,3344.05,3250.95,3494.4,3789.63,3902.31,3989.9,3948.73,4048.47,4105.81,4261.64,4189.05,4308.3,4042.72,3857.69,3745.56
Kosovo,XKX,0.0,0.0,0.0,0.0,0.0,0.0,0.0,0.0,0.0,0.0,0.0,0.0,0.0,0.0,0.0,0.0,0.0,0.0,0.0,0.0,0.0,0.0,0.0,0.0,0.0,0.0,0.0,0.0,0.0,0.0,0.0,0.0,0.0,0.0,0.0,0.0,0.0,0.0,0.0,0.0,0.0,0.0,0.0,0.0,0.0,0.0,0.0,0.0,2965.45,2847.56,3009.52,3540.82,3410.69,3704.56,3902.53,3520.78,3759.47,4009.35,4384.19,4416.03,4310.93,5269.78,5340.27
Sudáfrica,ZAF,529.56,543.04,560.7,601.6,642.69,681.13,718.12,775.15,813.51,887.25,948.59,1016.48,1034.49,1364.21,1650.48,1664.48,1554.0,1666.5,1846.85,2196.7,3034.66,3080.83,2769.1,3019.1,2590.02,1909.74,2103.19,2672.69,2780.59,2794.4,3160.88,3304.83,3519.0,3461.33,3547.95,3904.32,3654.93,3731.43,3336.44,3267.94,3241.66,2867.47,2708.42,4095.68,5268.28,5893.19,6139.58,6662.06,6251.88,6444.19,8059.56,8737.04,8173.87,7441.23,6965.14,6204.93,5735.07,6734.48,7067.72,6702.53,5753.07,7073.61,6766.48
Zambia,ZMB,228.57,216.27,208.56,209.45,236.94,296.02,334.67,350.65,398.56,472.64,426.3,383.42,414.11,523.44,608.28,495.52,539.96,480.47,521.18,604.1,678.77,679.31,635.4,527.9,419.2,336.83,241.55,319.28,511.2,533.23,427.41,428.5,394.08,395.79,431.52,438.38,404.09,471.17,377.46,353.83,364.03,401.73,399.1,452.29,556.05,720.45,1065.6,1133.44,1393.52,1150.94,1469.36,1644.46,1729.65,1840.32,1724.58,1307.91,1249.92,1495.75,1475.2,1268.12,956.83,1134.71,1456.9
Zimbabwe,ZWE,276.64,279.33,275.97,277.53,282.38,294.89,279.34,295.06,302.8,346.54,362.14,406.22,483.97,579.3,674.54,716.95,686.72,676.33,664.43,777.88,947.37,1067.25,1094.29,957.78,756.33,648.67,692.14,726.62,816.7,841.56,868.49,832.69,634.45,608.05,634.58,646.83,765.17,750.68,554.36,585.33,565.28,569.0,529.19,474.3,477.4,470.78,441.5,425.04,351.84,762.3,937.84,1082.62,1290.19,1408.37,1407.03,1410.33,1421.79,1192.11,2269.18,1421.87,1372.7,1773.92,1676.82
